Acquafredda,http://www.comuni-italiani.it/017/001/index.html,,1.565,http://www.comune.acquafredda.bs.it/
Adro,http://www.comuni-italiani.it/017/002/index.html,info@comunediadro.net,7.140,http://www.comune.adro.bs.it/
Agnosine,http://www.comuni-italiani.it/017/003/index.html,sindaco@comune.agnosine.bs.it,1.752,http://www.comune.agnosine.bs.it/
Alfianello,http://www.comuni-italiani.it/017/004/index.html,,2.494,http://www.comune.alfianello.bs.it/
Anfo,http://www.comuni-italiani.it/017/005/index.html,info@comune.anfo.bs.it,494,http://www.comune.anfo.bs.it/
Angolo Terme,http://www.comuni-italiani.it/017/006/index.html,,2.406,http://www.comune.angolo-terme.bs.it/
Artogne,http://www.comuni-italiani.it/017/007/index.html,info@comune.artogne.bs.it,3.668,http://www.comune.artogne.bs.it/
Azzano Mella,http://www.comuni-italiani.it/017/008/index.html,info@comune.azzanomella.bs.it,3.189,http://www.comune.azzanomella.bs.it/
Bagnolo Mella,http://www.comuni-italiani.it/017/009/index.html,,12.677,http://www.comune.bagnolomella.bs.it/
Bagolino,http://www.comuni-italiani.it/017/010/index.html,segreteria@comune.bagolino.bs.it,3.879,http://www.comune.bagolino.bs.it/
Barbariga,http://www.comuni-italiani.it/017/011/index.html,,2.343,http://www.comune.barbariga.bs.it/
Barghe,http://www.comuni-italiani.it/017/012/index.html,sindaco@comune.barghe.bs.it,1.203,http://www.comune.barghe.bs.it/
Bassano Bresciano,http://www.comuni-italiani.it/017/013/index.html,,2.330,http://www.comune.bassano-bresciano.bs.it/
Bedizzole,http://www.comuni-italiani.it/017/014/index.html,urp@comunebedizzole.it,12.337,http://www.comune.bedizzole.bs.it/
Berlingo,http://www.comuni-italiani.it/017/015/index.html,info@comune.berlingo.bs.it,2.706,http://www.comune.berlingo.bs.it/
Berzo Demo,http://www.comuni-italiani.it/017/016/index.html,info@comune.berzo-demo.bs.it,1.663,http://www.comune.berzo-demo.bs.it/
Berzo Inferiore,http://www.comuni-italiani.it/017/017/index.html,info@comune.berzo-inferiore.bs.it,2.486,http://www.comune.berzo-inferiore.bs.it/
Bienno,http://www.comuni-italiani.it/017/018/index.html,info@comune.bienno.bs.it,3.487,http://www.bienno.gov.it/
Bione,http://www.comuni-italiani.it/017/019/index.html,protocollo@comune.bione.bs.it,1.370,http://www.comune.bione.bs.it/
Borgo San Giacomo,http://www.comuni-italiani.it/017/020/index.html,info@comune.borgosangiacomo.bs.it,5.411,http://www.comune.borgosangiacomo.bs.it/
Borgosatollo,http://www.comuni-italiani.it/017/021/index.html,segreteria@comune.borgosatollo.bs.it,9.286,http://www.comune.borgosatollo.bs.it/
Borno,http://www.comuni-italiani.it/017/022/index.html,info@comune.borno.bs.it,2.606,http://www.comune.borno.bs.it/
Botticino,http://www.comuni-italiani.it/017/023/index.html,info@comune.botticino.bs.it,10.917,http://www.comune.botticino.bs.it/
Bovegno,http://www.comuni-italiani.it/017/024/index.html,,2.182,http://www.comune.bovegno.bs.it/
Bovezzo,http://www.comuni-italiani.it/017/025/index.html,info@comune.bovezzo.bs.it,7.485,http://www.comune.bovezzo.bs.it/
Brandico,http://www.comuni-italiani.it/017/026/index.html,,1.685,http://www.comune.brandico.bs.it/
Braone,http://www.comuni-italiani.it/017/027/index.html,info@comune.braone.bs.it,692,http://www.comune.braone.bs.it/
Breno,http://www.comuni-italiani.it/017/028/index.html,info@comune.breno.bs.it,4.856,http://www.comune.breno.bs.it/
Brescia,http://www.comuni-italiani.it/017/029/index.html,uffgab@comune.brescia.it,196.670,http://www.comune.brescia.it/
Brione,http://www.comuni-italiani.it/017/030/index.html,sindaco@comune.brione.bs.it,711,http://www.comune.brione.bs.it/
Caino,http://www.comuni-italiani.it/017/031/index.html,ufficio.segreteria@comune.caino.bs.it,2.161,http://www.comune.caino.bs.it/
Calcinato,http://www.comuni-italiani.it/017/032/index.html,segreteria@comune.calcinato.bs.it,12.915,http://www.comune.calcinato.bs.it/
Calvagese della Riviera,http://www.comuni-italiani.it/017/033/index.html,info@comune.calvagesedellariviera.bs.it,3.569,http://www.comune.calvagesedellariviera.bs.it/
Calvisano,http://www.comuni-italiani.it/017/034/index.html,info@comunedicalvisano.it,8.502,http://www.comune.calvisano.bs.it/
Capo di Ponte,http://www.comuni-italiani.it/017/035/index.html,info@comune.capo-di-ponte.bs.it,2.453,http://www.comune.capo-di-ponte.bs.it/
Capovalle,http://www.comuni-italiani.it/017/036/index.html,sindaco@comune.capovalle.bs.it,368,http://www.comune.capovalle.bs.it/
Capriano del Colle,http://www.comuni-italiani.it/017/037/index.html,sindaco@comune.capriano.bs.it,4.667,http://www.comune.capriano.bs.it/
Capriolo,http://www.comuni-italiani.it/017/038/index.html,protocollo@capriolo.org,9.405,http://www.capriolo.org/
Carpenedolo,http://www.comuni-italiani.it/017/039/index.html,info@comune.carpenedolo.bs.it,12.957,http://www.comune.carpenedolo.bs.it/
Castegnato,http://www.comuni-italiani.it/017/040/index.html,segreteria@comunecastegnato.org,8.361,http://www.comune.castegnato.bs.it/
Castel Mella,http://www.comuni-italiani.it/017/042/index.html,segreteria@comune.castelmella.bs.it,10.993,http://www.comune.castelmella.bs.it/
Castelcovati,http://www.comuni-italiani.it/017/041/index.html,amministrativo@comune.castelcovati.bs.it,6.599,http://www.comune.castelcovati.bs.it/
Castenedolo,http://www.comuni-italiani.it/017/043/index.html,info@comune.castenedolo.brescia.it,11.443,http://www.comune.castenedolo.bs.it/
Casto,http://www.comuni-italiani.it/017/044/index.html,info@comune.casto.bs.it,1.713,http://www.comune.casto.bs.it/
Castrezzato,http://www.comuni-italiani.it/017/045/index.html,,7.139,http://www.comunecastrezzato.it/
Cazzago San Martino,http://www.comuni-italiani.it/017/046/index.html,municipio@comune.cazzago.bs.it,10.941,http://www.comune.cazzago.bs.it/
Cedegolo,http://www.comuni-italiani.it/017/047/index.html,,1.215,http://www.comune.cedegolo.bs.it/
Cellatica,http://www.comuni-italiani.it/017/048/index.html,anagrafe@comune.cellatica.brescia.it,4.937,http://www.comune.cellatica.bs.it/
Cerveno,http://www.comuni-italiani.it/017/049/index.html,info@comune.cerveno.bs.it,663,http://www.comune.cerveno.bs.it/
Ceto,http://www.comuni-italiani.it/017/050/index.html,,1.912,http://www.comune.ceto.bs.it/
Cevo,http://www.comuni-italiani.it/017/051/index.html,,887,http://www.comune.cevo.bs.it/
Chiari,http://www.comuni-italiani.it/017/052/index.html,,18.856,http://www.comune.chiari.brescia.it/
Cigole,http://www.comuni-italiani.it/017/053/index.html,,1.584,http://www.comune.cigole.brescia.it/
Cimbergo,http://www.comuni-italiani.it/017/054/index.html,,546,http://www.comune.cimbergo.bs.it/
Cividate Camuno,http://www.comuni-italiani.it/017/055/index.html,,2.735,http://www.cividatecamuno.gov.it/
Coccaglio,http://www.comuni-italiani.it/017/056/index.html,segreteria@comunedicoccaglio.it,8.681,http://www.comune.coccaglio.bs.it/
Collebeato,http://www.comuni-italiani.it/017/057/index.html,,4.637,http://www.comune.collebeato.bs.it/
Collio,http://www.comuni-italiani.it/017/058/index.html,,2.148,http://www.comune.collio.bs.it/
Cologne,http://www.comuni-italiani.it/017/059/index.html,,7.609,http://www.comune.cologne.bs.it/
Comezzano-Cizzago,http://www.comuni-italiani.it/017/060/index.html,,3.869,http://www.comune.comezzanocizzago.bs.it/
Concesio,http://www.comuni-italiani.it/017/061/index.html,,15.649,http://www.comune.concesio.brescia.it/
Corte Franca,http://www.comuni-italiani.it/017/062/index.html,,7.262,http://www.comune.cortefranca.bs.it/
Corteno Golgi,http://www.comuni-italiani.it/017/063/index.html,,1.951,http://www.comune.corteno-golgi.bs.it/
Corzano,http://www.comuni-italiani.it/017/064/index.html,info@comune.corzano.bs.it,1.427,http://www.comune.corzano.bs.it/
Darfo Boario Terme,http://www.comuni-italiani.it/017/065/index.html,info@darfoboarioterme.net,15.530,http://www.darfoboarioterme.gov.it/
Dello,http://www.comuni-italiani.it/017/066/index.html,,5.629,http://www.comune.dello.bs.it/
Desenzano del Garda,http://www.comuni-italiani.it/017/067/index.html,segreteria@comune.desenzano.brescia.it,28.856,http://www.comune.desenzano.brescia.it/
Edolo,http://www.comuni-italiani.it/017/068/index.html,info@comune.edolo.bs.it,4.586,http://www.comune.edolo.bs.it/
Erbusco,http://www.comuni-italiani.it/017/069/index.html,segreteria@comune.erbusco.bs.it,8.640,http://www.comune.erbusco.bs.it/
Esine,http://www.comuni-italiani.it/017/070/index.html,info@comune.esine.bs.it,5.262,http://www.comune.esine.bs.it/
Fiesse,http://www.comuni-italiani.it/017/071/index.html,,2.047,http://www.comune.fiesse.bs.it/
Flero,http://www.comuni-italiani.it/017/072/index.html,sindaco@comune.flero.bs.it,8.810,http://www.comune.flero.bs.it/
Gambara,http://www.comuni-italiani.it/017/073/index.html,amministrazione-sindaco@comune.gambara.bs.it,4.755,http://www.comune.gambara.bs.it/
Gardone Riviera,http://www.comuni-italiani.it/017/074/index.html,,2.652,http://www.comune.gardoneriviera.bs.it/
Gardone Val Trompia,http://www.comuni-italiani.it/017/075/index.html,,11.528,http://www.comune.gardonevaltrompia.bs.it/
Gargnano,http://www.comuni-italiani.it/017/076/index.html,,2.878,http://www.comune.gargnano.brescia.it/
Gavardo,http://www.comuni-italiani.it/017/077/index.html,,12.093,http://www.comunegavardo.it/
Ghedi,http://www.comuni-italiani.it/017/078/index.html,segreteria@comune.ghedi.brescia.it,18.828,http://www.comune.ghedi.brescia.it/
Gianico,http://www.comuni-italiani.it/017/079/index.html,info@comune.gianico.bs.it,2.148,http://www.comune.gianico.bs.it/
Gottolengo,http://www.comuni-italiani.it/017/080/index.html,sindaco@gottolengo.com,5.233,http://www.gottolengo.com/
Gussago,http://www.comuni-italiani.it/017/081/index.html,,16.623,http://www.comune.gussago.bs.it/
Idro,http://www.comuni-italiani.it/017/082/index.html,segreteria@comune.idro.bs.it,1.953,http://www.comune.idro.bs.it/
Incudine,http://www.comuni-italiani.it/017/083/index.html,info@comune.incudine.bs.it,379,http://www.comune.incudine.bs.it/
Irma,http://www.comuni-italiani.it/017/084/index.html,,133,http://www.comune.irma.bs.it/
Iseo,http://www.comuni-italiani.it/017/085/index.html,info@comune.iseo.bs.it,9.171,http://www.comune.iseo.bs.it/
Isorella,http://www.comuni-italiani.it/017/086/index.html,segreteria@comune.isorella.bs.it,4.065,http://www.comune.isorella.bs.it/
Lavenone,http://www.comuni-italiani.it/017/087/index.html,,543,http://www.comune.lavenone.bs.it/
Leno,http://www.comuni-italiani.it/017/088/index.html,,14.374,http://www.comune.leno.bs.it/
Limone sul Garda,http://www.comuni-italiani.it/017/089/index.html,settore.contabile@comune.limonesulgarda.bs.it,1.164,http://www.comune.limonesulgarda.bs.it/
Lodrino,http://www.comuni-italiani.it/017/090/index.html,,1.683,http://www.comune.lodrino.bs.it/
Lograto,http://www.comuni-italiani.it/017/091/index.html,,3.826,http://www.comune.lograto.bs.it/
Lonato del Garda,http://www.comuni-italiani.it/017/092/index.html,info@comune.lonato.bs.it,16.307,http://www.comune.lonato.bs.it/
Longhena,http://www.comuni-italiani.it/017/093/index.html,,571,http://www.comune.longhena.bs.it/
Losine,http://www.comuni-italiani.it/017/094/index.html,,608,http://www.comune.losine.bs.it/
Lozio,http://www.comuni-italiani.it/017/095/index.html,sindaco@comune.lozio.bs.it,397,http://www.comune.lozio.bs.it/
Lumezzane,http://www.comuni-italiani.it/017/096/index.html,,22.510,http://www.comune.lumezzane.bs.it/
Maclodio,http://www.comuni-italiani.it/017/097/index.html,,1.476,http://www.comune.maclodio.bs.it/
Magasa,http://www.comuni-italiani.it/017/098/index.html,info@comune.magasa.bs.it,133,http://www.comune.magasa.bs.it/
Mairano,http://www.comuni-italiani.it/017/099/index.html,,3.487,http://www.comune.mairano.bs.it/
Malegno,http://www.comuni-italiani.it/017/100/index.html,info@comune.malegno.bs.it,2.020,http://www.comune.malegno.bs.it/
Malonno,http://www.comuni-italiani.it/017/101/index.html,,3.203,http://www.comune.malonno.bs.it/
Manerba del Garda,http://www.comuni-italiani.it/017/102/index.html,info@comune.manerbadelgarda.bs.it,5.308,http://www.comune.manerbadelgarda.bs.it/
Manerbio,http://www.comuni-italiani.it/017/103/index.html,protocollo@comune.manerbio.bs.it,13.063,http://www.comune.manerbio.bs.it/
Marcheno,http://www.comuni-italiani.it/017/104/index.html,comune@comune.marcheno.bs.it,4.320,http://www.comune.marcheno.bs.it/
Marmentino,http://www.comuni-italiani.it/017/105/index.html,protocollo@comune.marmentino.bs.it,656,http://www.comune.marmentino.bs.it/
Marone,http://www.comuni-italiani.it/017/106/index.html,info@comune.marone.bs.it,3.209,http://www.comune.marone.bs.it/
Mazzano,http://www.comuni-italiani.it/017/107/index.html,informazioni@comune.mazzano.bs.it,12.241,http://www.comune.mazzano.bs.it/
Milzano,http://www.comuni-italiani.it/017/108/index.html,,1.763,http://www.comune.milzano.bs.it/
Moniga del Garda,http://www.comuni-italiani.it/017/109/index.html,,2.544,http://www.comune.monigadelgarda.bs.it/
Monno,http://www.comuni-italiani.it/017/110/index.html,info@comune.monno.bs.it,544,http://www.comune.monno.bs.it/
Monte Isola,http://www.comuni-italiani.it/017/111/index.html,info@comune.monteisola.bs.it,1.744,http://www.comune.monteisola.bs.it/
Monticelli Brusati,http://www.comuni-italiani.it/017/112/index.html,info@comune.monticellibrusati.bs.it,4.513,http://www.comune.monticellibrusati.bs.it/
Montichiari,http://www.comuni-italiani.it/017/113/index.html,info@montichiari.it,25.449,http://www.comune.montichiari.bs.it/
Montirone,http://www.comuni-italiani.it/017/114/index.html,,5.131,http://www.comune.montirone.bs.it/
Mura,http://www.comuni-italiani.it/017/115/index.html,,794,http://www.comune.mura.bs.it/
Muscoline,http://www.comuni-italiani.it/017/116/index.html,segretario@comune.muscoline.bs.it,2.645,http://www.comune.muscoline.bs.it/
Nave,http://www.comuni-italiani.it/017/117/index.html,urp@comune.nave.bs.it,10.922,http://www.comune.nave.bs.it/
Niardo,http://www.comuni-italiani.it/017/118/index.html,,1.980,http://www.comune.niardo.bs.it/
Nuvolento,http://www.comuni-italiani.it/017/119/index.html,,3.962,http://www.comune.nuvolento.bs.it/
Nuvolera,http://www.comuni-italiani.it/017/120/index.html,segreteria@comune.nuvolera.bs.it,4.732,http://www.comune.nuvolera.bs.it/
Odolo,http://www.comuni-italiani.it/017/121/index.html,segretario@comune.odolo.bs.it,1.971,http://www.comune.odolo.bs.it/
Offlaga,http://www.comuni-italiani.it/017/122/index.html,,4.113,http://www.comune.offlaga.bs.it/
Ome,http://www.comuni-italiani.it/017/123/index.html,,3.182,http://www.comune.ome.bs.it/
Ono San Pietro,http://www.comuni-italiani.it/017/124/index.html,info@comune.ono-san-pietro.bs.it,974,http://www.comune.ono-san-pietro.bs.it/
Orzinuovi,http://www.comuni-italiani.it/017/125/index.html,,12.566,http://www.comune.orzinuovi.bs.it/
Orzivecchi,http://www.comuni-italiani.it/017/126/index.html,,2.477,http://www.comune.orzivecchi.bs.it/
Ospitaletto,http://www.comuni-italiani.it/017/127/index.html,segreteria@comune.ospitaletto.bs.it,14.610,http://www.comune.ospitaletto.bs.it/
Ossimo,http://www.comuni-italiani.it/017/128/index.html,info@comune.ossimo.bs.it,1.446,http://www.comune.ossimo.bs.it/
Padenghe sul Garda,http://www.comuni-italiani.it/017/129/index.html,info@comune.padenghe.brescia.it,4.543,http://www.comune.padenghesulgarda.bs.it/
Paderno Franciacorta,http://www.comuni-italiani.it/017/130/index.html,municipio@padernofranciacorta.net,3.695,http://www.comune.padernofranciacorta.bs.it/
Paisco Loveno,http://www.comuni-italiani.it/017/131/index.html,info@comune.paisco-loveno.bs.it,185,http://www.comune.paisco-loveno.bs.it/
Paitone,http://www.comuni-italiani.it/017/132/index.html,segretario@comune.paitone.bs.it,2.143,http://www.comune.paitone.bs.it/
Palazzolo sull'Oglio,http://www.comuni-italiani.it/017/133/index.html,protocollo@comune.palazzolosulloglio.bs.it,20.062,http://www.comune.palazzolosulloglio.bs.it/
Paratico,http://www.comuni-italiani.it/017/134/index.html,sindaco@comune.paratico.bs.it,4.721,http://www.comune.paratico.bs.it/
Paspardo,http://www.comuni-italiani.it/017/135/index.html,,617,http://www.comune.paspardo.bs.it/
Passirano,http://www.comuni-italiani.it/017/136/index.html,info@comune.passirano.bs.it,7.052,http://www.comune.passirano.bs.it/
Pavone del Mella,http://www.comuni-italiani.it/017/137/index.html,,2.801,http://www.comune.pavone-del-mella.bs.it/
Pertica Alta,http://www.comuni-italiani.it/017/139/index.html,info@comune.perticaalta.bs.it,566,http://www.comune.perticaalta.bs.it/
Pertica Bassa,http://www.comuni-italiani.it/017/140/index.html,info@comune.perticabassa.bs.it,638,http://www.comune.perticabassa.bs.it/
Pezzaze,http://www.comuni-italiani.it/017/141/index.html,,1.503,http://www.comune.pezzaze.bs.it/
Pian Camuno,http://www.comuni-italiani.it/017/142/index.html,info@comune.piancamuno.bs.it,4.673,http://www.comune.piancamuno.bs.it/
Piancogno,http://www.comuni-italiani.it/017/206/index.html,info@comune.piancogno.bs.it,4.669,http://www.comune.piancogno.bs.it/
Pisogne,http://www.comuni-italiani.it/017/143/index.html,info@comune.pisogne.bs.it,7.936,http://www.comune.pisogne.bs.it/
Polaveno,http://www.comuni-italiani.it/017/144/index.html,,2.520,http://www.comune.polaveno.bs.it/
Polpenazze del Garda,http://www.comuni-italiani.it/017/145/index.html,,2.623,http://www.comune.polpenazzedelgarda.bs.it/
Pompiano,http://www.comuni-italiani.it/017/146/index.html,info@comune.pompiano.brescia.it,3.816,http://www.comune.pompiano.brescia.it/
Poncarale,http://www.comuni-italiani.it/017/147/index.html,segreteria@comune.poncarale.brescia.it,5.251,http://www.comune.poncarale.brescia.it/
Ponte di Legno,http://www.comuni-italiani.it/017/148/index.html,info@comune.ponte-di-legno.bs.it,1.726,http://www.comune.ponte-di-legno.bs.it/
Pontevico,http://www.comuni-italiani.it/017/149/index.html,comune@comune.pontevico.bs.it,7.090,http://www/www.comune.pontevico.bs.it/
Pontoglio,http://www.comuni-italiani.it/017/150/index.html,info@comunedipontoglio.eu,6.917,http://www.comune.pontoglio.bs.it/
Pozzolengo,http://www.comuni-italiani.it/017/151/index.html,info@comune.pozzolengo.bs.it,3.537,http://www.comune.pozzolengo.bs.it/
Pralboino,http://www.comuni-italiani.it/017/152/index.html,info@comune.pralboino.bs.it,2.942,http://www.comune.pralboino.bs.it/
Preseglie,http://www.comuni-italiani.it/017/153/index.html,info@comune.preseglie.bs.it,1.545,http://www.comune.preseglie.bs.it/
Prevalle,http://www.comuni-italiani.it/017/155/index.html,segreteria@comune.prevalle.bs.it,6.977,http://www.comune.prevalle.bs.it/
Provaglio d'Iseo,http://www.comuni-italiani.it/017/156/index.html,,7.394,http://www.comune.provagliodiseo.bs.it/
Provaglio Val Sabbia,http://www.comuni-italiani.it/017/157/index.html,info@comune.provagliovalsabbia.bs.it,912,http://www.comune.provagliovalsabbia.bs.it/
Puegnago sul Garda,http://www.comuni-italiani.it/017/158/index.html,segreteria@comune.puegnagodelgarda.bs.it,3.406,http://www.comune.puegnagodelgarda.bs.it/
Quinzano d'Oglio,http://www.comuni-italiani.it/017/159/index.html,segreteria@quinzano.it,6.262,http://www.quinzano.it/
Remedello,http://www.comuni-italiani.it/017/160/index.html,info@comune.remedello.bs.it,3.384,http://www.comune.remedello.bs.it/
Rezzato,http://www.comuni-italiani.it/017/161/index.html,comune@comune.rezzato.bs.it,13.469,http://www.comune.rezzato.bs.it/
Roccafranca,http://www.comuni-italiani.it/017/162/index.html,segretario@comune.roccafranca.bs.it,4.824,http://www.comune.roccafranca.bs.it/
Rodengo Saiano,http://www.comuni-italiani.it/017/163/index.html,,9.585,http://www.rodengosaiano.net/
Roè Volciano,http://www.comuni-italiani.it/017/164/index.html,info@comune.roevolciano.bs.it,4.551,http://www.comune.roevolciano.bs.it/
Roncadelle,http://www.comuni-italiani.it/017/165/index.html,,9.560,http://www.comune.roncadelle.bs.it/
Rovato,http://www.comuni-italiani.it/017/166/index.html,ufficio.segreteria@comune.rovato.bs.it,19.132,http://www.comune.rovato.bs.it/
Rudiano,http://www.comuni-italiani.it/017/167/index.html,segreteria@comunerudiano.it,5.778,http://www.comune.rudiano.bs.it/
Sabbio Chiese,http://www.comuni-italiani.it/017/168/index.html,,3.904,http://www.comune.sabbio.bs.it/
Sale Marasino,http://www.comuni-italiani.it/017/169/index.html,,3.388,http://www.comune.sale-marasino.bs.it/
Salò,http://www.comuni-italiani.it/017/170/index.html,segreteria.generale@comune.salo.bs.it,10.634,http://www.comune.salo.bs.it/
San Felice del Benaco,http://www.comuni-italiani.it/017/171/index.html,sindaco@comune.sanfelicedelbenaco.bs.it,3.413,http://www.comune.sanfelicedelbenaco.bs.it/
San Gervasio Bresciano,http://www.comuni-italiani.it/017/172/index.html,,2.562,http://www.sangervasio.net/
San Paolo,http://www.comuni-italiani.it/017/138/index.html,info@comune.sanpaolo.bs.it,4.546,http://www.comune.sanpaolo.bs.it/
San Zeno Naviglio,http://www.comuni-italiani.it/017/173/index.html,sindaco@comune.sanzenonaviglio.bs.it,4.679,http://www.comune.sanzenonaviglio.bs.it/
Sarezzo,http://www.comuni-italiani.it/017/174/index.html,comune.sarezzo@comune.sarezzo.bs.it,13.438,http://www.comune.sarezzo.bs.it/
Saviore dell'Adamello,http://www.comuni-italiani.it/017/175/index.html,info@comune.saviore-delladamello.bs.it,901,http://www.comune.saviore-delladamello.bs.it/
Sellero,http://www.comuni-italiani.it/017/176/index.html,,1.456,http://www.comune.sellero.bs.it/
Seniga,http://www.comuni-italiani.it/017/177/index.html,,1.447,http://www.comune.seniga.bs.it/
Serle,http://www.comuni-italiani.it/017/178/index.html,segreteria@comune.serle.bs.it,3.021,http://www.comune.serle.bs.it/
Sirmione,http://www.comuni-italiani.it/017/179/index.html,,8.217,http://www.comune.sirmione.bs.it/
Soiano del Lago,http://www.comuni-italiani.it/017/180/index.html,protocollo@soiano.com,1.895,http://www.comune.soianodellago.bs.it/
Sonico,http://www.comuni-italiani.it/017/181/index.html,,1.265,http://www.comune.sonico.bs.it/
Sulzano,http://www.comuni-italiani.it/017/182/index.html,,1.932,http://www.comune.sulzano.bs.it/
Tavernole sul Mella,http://www.comuni-italiani.it/017/183/index.html,,1.277,http://www.comune.tavernolesulmella.bs.it/
Temù,http://www.comuni-italiani.it/017/184/index.html,,1.108,http://www.comune.temu.bs.it/
Tignale,http://www.comuni-italiani.it/017/185/index.html,sindaco@comune.tignale.bs.it,1.232,http://www.comune.tignale.bs.it/
Torbole Casaglia,http://www.comuni-italiani.it/017/186/index.html,demografici@comune.torbole-casaglia.bs.it,6.562,http://www.comune.torbole-casaglia.bs.it/
Toscolano-Maderno,http://www.comuni-italiani.it/017/187/index.html,,7.969,http://www.comune.toscolanomaderno.bs.it/
Travagliato,http://www.comuni-italiani.it/017/188/index.html,info@comune.travagliato.bs.it,13.894,http://www.comune.travagliato.bs.it/
Tremosine sul Garda,http://www.comuni-italiani.it/017/189/index.html,info@comunetremosine.it,2.119,http://www.comunetremosine.it/
Trenzano,http://www.comuni-italiani.it/017/190/index.html,,5.360,http://www.comune.trenzano.bs.it/
Treviso Bresciano,http://www.comuni-italiani.it/017/191/index.html,info@comune.trevisobresciano.bs.it,537,http://www.comune.trevisobresciano.bs.it/
Urago d'Oglio,http://www.comuni-italiani.it/017/192/index.html,sindaco@comune.uragodoglio.bs.it,3.814,http://www.comune.uragodoglio.bs.it/
Vallio Terme,http://www.comuni-italiani.it/017/193/index.html,info@comune.vallioterme.bs.it,1.392,http://www.comune.vallioterme.bs.it/
Valvestino,http://www.comuni-italiani.it/017/194/index.html,info@comune.valvestino.bs.it,186,http://www.comune.valvestino.bs.it/
Verolanuova,http://www.comuni-italiani.it/017/195/index.html,,8.159,http://www.comune.verolanuova.bs.it/
Verolavecchia,http://www.comuni-italiani.it/017/196/index.html,sindaco@comune.verolavecchia.bs.it,3.801,http://www.comune.verolavecchia.bs.it/
Vestone,http://www.comuni-italiani.it/017/197/index.html,segretario@comune.vestone.bs.it,4.340,http://www.comune.vestone.bs.it/
Vezza d'Oglio,http://www.comuni-italiani.it/017/198/index.html,,1.449,http://www.comune.vezza-d-oglio.bs.it/
Villa Carcina,http://www.comuni-italiani.it/017/199/index.html,comune@comune.villacarcina.bs.it,10.953,http://www.comune.villacarcina.bs.it/
Villachiara,http://www.comuni-italiani.it/017/200/index.html,,1.435,http://www.comune.villachiara.bs.it/
Villanuova sul Clisi,http://www.comuni-italiani.it/017/201/index.html,info@comune.villanuova-sul-clisi.bs.it,5.779,http://www.comune.villanuova-sul-clisi.bs.it/
Vione,http://www.comuni-italiani.it/017/202/index.html,,679,http://www.comune.vione.bs.it/
Visano,http://www.comuni-italiani.it/017/203/index.html,segreteria@comune.visano.bs.it,1.978,http://www.comune.visano.bs.it/
Vobarno,http://www.comuni-italiani.it/017/204/index.html,,8.106,http://www.comune.vobarno.bs.it/
Zone,http://www.comuni-italiani.it/017/205/index.html,info@comune.zone.bs.it,1.082,http://www.comune.zone.bs.it/
,http://www.comuni-italiani.it/017/,,,http://www.provincia.brescia.it/
,http://www.comuni-italiani.it/017/,,,http://www.provincia.brescia.it/
